,tcre,zec50,zec100,tpw,tnz,tr1000,tr0
ACCESS-ESM1-5,1.7708313465118408,0.19048309326171875,0.11545252799987793,7.0,0.08160996437072754,0.23198843002319336,0.17284241318702698
CESM2,1.7968470868672426,-0.10850894457674087,0.02811119184101485,-10.0,0.05382003157106663,0.02968799747832529,0.4195106736274397
GFDL-ESM4,1.3022598028182983,-0.05745387077331543,0.03885495662689209,-29.0,-0.09170842170715332,-0.2535858154296875,-0.11297760158777237
GISS,1.405072021484375,0.027436828613281117,-0.023960876464843794,-4.0,0.12097320556640612,0.011425781250000044,-0.564288330078125
NorESM2-LM,1.086612323659682,-0.133873428198649,-0.2216735824112931,-33.0,-0.025514663431050577,-0.22908808444641693,-0.30888033017132555
MPI-ESM1-2-LR,1.498295545578003,-0.13691401481628418,-0.2369384765625,1.0,-0.06321108341217041,-0.23681938648223877,-0.2938400208950043
CNRM-ESM2-1,1.7348129022701784,-0.01049387827453363,0.09326697689915875,-10.0,0.10861629382865479,0.029177249860910637,0.3756393349602803
UKESM,2.4333599999999764,0.13293000000000443,,-3.0,0.2008850000000053,,
